feature_name,modality,source_column,definition,unit,aggregation_rule,window,qc_requirement,missing_semantics,allowed_as_predictor,reason,provenance
nir_pupil_equiv_diameter_median,NIR,nir_pupil_equiv_diameter_median,equivalent pupil diameter from fullclass pupil geometry,pixel,pool left/right eye rows within window; median over valid rows; no eye weighting,"pre_30s effective window; [window_effective_start_unix_ms, probe_onset_unix_ms)",NIR observation present; fullclass geometry QC retained; no PIR primary,NaN for structural/observation missing or QC_FAIL; QC state retained separately,True,current fullclass pupil geometry primary feature; no PIR,nir_probe_merge_ready.csv; ritnet-fullclass-final eye_metrics.csv.gz
nir_pupil_geom_mean_diameter_median,NIR,nir_pupil_geom_mean_diameter_median,geometric-mean pupil diameter from fullclass pupil geometry,pixel,pool left/right eye rows within window; median over valid rows; no eye weighting,"pre_30s effective window; [window_effective_start_unix_ms, probe_onset_unix_ms)",NIR observation present; fullclass geometry QC retained; no PIR primary,NaN for structural/observation missing or QC_FAIL; QC state retained separately,True,current fullclass pupil geometry primary feature; no PIR,nir_probe_merge_ready.csv; ritnet-fullclass-final eye_metrics.csv.gz
nir_pupil_contour_area_median,NIR,nir_pupil_contour_area_median,pupil contour area from fullclass segmentation,pixel^2,pool left/right eye rows within window; median over valid rows; no eye weighting,"pre_30s effective window; [window_effective_start_unix_ms, probe_onset_unix_ms)",NIR observation present; fullclass geometry QC retained; no PIR primary,NaN for structural/observation missing or QC_FAIL; QC state retained separately,True,current fullclass pupil geometry primary feature; no PIR,nir_probe_merge_ready.csv; ritnet-fullclass-final eye_metrics.csv.gz
nir_pupil_ellipse_area_median,NIR,nir_pupil_ellipse_area_median,fitted pupil ellipse area from fullclass geometry,pixel^2,pool left/right eye rows within window; median over valid rows; no eye weighting,"pre_30s effective window; [window_effective_start_unix_ms, probe_onset_unix_ms)",NIR observation present; fullclass geometry QC retained; no PIR primary,NaN for structural/observation missing or QC_FAIL; QC state retained separately,True,current fullclass pupil geometry primary feature; no PIR,nir_probe_merge_ready.csv; ritnet-fullclass-final eye_metrics.csv.gz
nir_observed_eye_fraction,NIR,nir_observed_eye_fraction,fraction of eye observations available in window,proportion,as emitted by current merge-ready table,"pre_30s effective window; [window_effective_start_unix_ms, probe_onset_unix_ms)",NIR observation present; fullclass geometry QC retained; no PIR primary,NaN for structural/observation missing or QC_FAIL; QC state retained separately,False,coverage/QC only,nir_probe_merge_ready.csv; ritnet-fullclass-final eye_metrics.csv.gz
nir_pupil_fit_valid_fraction,NIR,nir_pupil_fit_valid_fraction,fraction of eye rows with valid pupil fit,proportion,as emitted by current merge-ready table,"pre_30s effective window; [window_effective_start_unix_ms, probe_onset_unix_ms)",NIR observation present; fullclass geometry QC retained; no PIR primary,NaN for structural/observation missing or QC_FAIL; QC state retained separately,False,geometry QC only,nir_probe_merge_ready.csv; ritnet-fullclass-final eye_metrics.csv.gz
nir_ritnet_success_fraction,NIR,nir_ritnet_success_fraction,RITnet successful eye-row fraction,proportion,as emitted by current merge-ready table,"pre_30s effective window; [window_effective_start_unix_ms, probe_onset_unix_ms)",NIR observation present; fullclass geometry QC retained; no PIR primary,NaN for structural/observation missing or QC_FAIL; QC state retained separately,False,source QC only,nir_probe_merge_ready.csv; ritnet-fullclass-final eye_metrics.csv.gz
nir_temporal_anomaly_fraction,NIR,nir_temporal_anomaly_fraction,fraction flagged by temporal QC,proportion,as emitted by current merge-ready table,"pre_30s effective window; [window_effective_start_unix_ms, probe_onset_unix_ms)",NIR observation present; fullclass geometry QC retained; no PIR primary,NaN for structural/observation missing or QC_FAIL; QC state retained separately,False,temporal QC only,nir_probe_merge_ready.csv; ritnet-fullclass-final eye_metrics.csv.gz
nir_analysis_valid_pixel_fraction_median,NIR,nir_analysis_valid_pixel_fraction_median,median valid analysis-domain pixel fraction,proportion,as emitted by current merge-ready table,"pre_30s effective window; [window_effective_start_unix_ms, probe_onset_unix_ms)",NIR observation present; fullclass geometry QC retained; no PIR primary,NaN for structural/observation missing or QC_FAIL; QC state retained separately,False,pixel QC only,nir_probe_merge_ready.csv; ritnet-fullclass-final eye_metrics.csv.gz
nir_window_eye_row_count,NIR,nir_window_eye_row_count,eye metric rows in frozen window,count,as emitted by current merge-ready table,"pre_30s effective window; [window_effective_start_unix_ms, probe_onset_unix_ms)",NIR observation present; fullclass geometry QC retained; no PIR primary,NaN for structural/observation missing or QC_FAIL; QC state retained separately,False,coverage metadata only,nir_probe_merge_ready.csv; ritnet-fullclass-final eye_metrics.csv.gz
nir_window_unix_span_ms,NIR,nir_window_unix_span_ms,observed Unix-time span in window,ms,as emitted by current merge-ready table,"pre_30s effective window; [window_effective_start_unix_ms, probe_onset_unix_ms)",NIR observation present; fullclass geometry QC retained; no PIR primary,NaN for structural/observation missing or QC_FAIL; QC state retained separately,False,temporal QC only,nir_probe_merge_ready.csv; ritnet-fullclass-final eye_metrics.csv.gz
nir_available,NIR,nir_available,NIR observation availability flag,boolean,as emitted by current merge-ready table,"pre_30s effective window; [window_effective_start_unix_ms, probe_onset_unix_ms)",NIR observation present; fullclass geometry QC retained; no PIR primary,NaN for structural/observation missing or QC_FAIL; QC state retained separately,False,availability indicator; not primary,nir_probe_merge_ready.csv; ritnet-fullclass-final eye_metrics.csv.gz
nir_observation_status,NIR,nir_observation_status,NIR observation state from current merge,categorical,as emitted by current merge-ready table,"pre_30s effective window; [window_effective_start_unix_ms, probe_onset_unix_ms)",NIR observation present; fullclass geometry QC retained; no PIR primary,NaN for structural/observation missing or QC_FAIL; QC state retained separately,False,missingness state only,nir_probe_merge_ready.csv; ritnet-fullclass-final eye_metrics.csv.gz
nir_primary_metric_domain,NIR,nir_primary_metric_domain,declared primary metric domain,categorical,as emitted by current merge-ready table,"pre_30s effective window; [window_effective_start_unix_ms, probe_onset_unix_ms)",NIR observation present; fullclass geometry QC retained; no PIR primary,NaN for structural/observation missing or QC_FAIL; QC state retained separately,False,provenance/QC only,nir_probe_merge_ready.csv; ritnet-fullclass-final eye_metrics.csv.gz
nir_source_path,NIR,nir_source_path,local eye metric provenance path,path,as emitted by current merge-ready table,"pre_30s effective window; [window_effective_start_unix_ms, probe_onset_unix_ms)",NIR observation present; fullclass geometry QC retained; no PIR primary,NaN for structural/observation missing or QC_FAIL; QC state retained separately,False,provenance only,nir_probe_merge_ready.csv; ritnet-fullclass-final eye_metrics.csv.gz
