ecg_beats,f1,fixed_delay_ms,hr_abs_error_bpm,hr_ecg_bpm,hr_radar_bpm,ibi_mae_ms,matched_beats,method,precision,radar_beats,recall,rmssd_abs_error_ms,sdnn_abs_error_ms,subject,timing_mae_ms,tolerance_ms
156,0.30303030303030304,-18.000000000000682,1.377865151490191,63.61852905190498,62.24066390041479,44.99119657628701,35,c1b_project_bandpass,0.4666666666666667,75,0.22435897435897437,35.35422009898866,12.419696717137185,97793,32.84455915178574,75.0
156,0.22123893805309736,-18.000000000000682,1.5351840294525658,38.991665008034786,40.52684903748735,49.94095865885455,25,c1b_python_amf,0.35714285714285715,70,0.16025641025641027,25.54831881542532,13.475754557791333,97793,33.72539062500019,75.0
156,0.3659574468085106,-18.000000000000682,1.135838773991253,74.08416704146863,72.94832826747738,46.678612118676405,43,c1b_v311_vmd,0.5443037974683544,79,0.27564102564102566,5.4444718970369195,0.9587600811989887,97793,38.45713344840127,75.0
156,0.28448275862068967,-18.000000000000682,1.5388601434725402,63.61852905190498,62.07966890843244,47.954742431640966,33,c1c_mmhrv_adaptive_vmd,0.4342105263157895,76,0.21153846153846154,37.99771030770762,17.16059006487876,97793,33.02102568655318,75.0
121,0.2731707317073171,-18.000000000000682,0.3236447384870118,55.129220326207964,55.452865064694976,38.57681387442108,28,c1b_project_bandpass,0.3333333333333333,84,0.23140495867768596,27.59196925518563,14.333786057542284,9779,43.13763427734417,75.0
121,0.21674876847290642,-18.000000000000682,0.628784754286702,27.704597028654923,27.07581227436822,50.70389229910827,22,c1b_python_amf,0.2682926829268293,82,0.18181818181818182,38.19955620069095,20.659414928814385,9779,39.89754971590889,75.0
121,0.25120772946859904,-18.000000000000682,0.6827593461715082,55.129220326207964,54.446460980036456,40.13016601562552,26,c1b_v311_vmd,0.3023255813953488,86,0.21487603305785125,51.39644920656701,24.955561918331114,9779,45.21934157151463,75.0
121,0.25,-18.000000000000682,0.4944633404329011,41.463578617609116,41.95804195804202,30.936187744141296,25,c1c_mmhrv_adaptive_vmd,0.31645569620253167,79,0.2066115702479339,25.013779955957034,12.37424377303887,9779,41.33064453125053,75.0
110,0.15300546448087432,-18.000000000000682,0.15312841754103879,15.420303990060125,15.267175572519086,57.08676382211569,14,c1b_project_bandpass,0.1917808219178082,73,0.12727272727272726,25.926262215734823,27.716360742460893,97795,35.572160993303505,75.0
110,0.19161676646706588,-18.000000000000682,0.03140856632671074,18.63605972911741,18.6046511627907,31.173063151040083,16,c1b_python_amf,0.2807017543859649,57,0.14545454545454545,30.053605059784786,8.20213500090722,97795,44.60287475585897,75.0
110,0.15384615384615385,-18.000000000000682,0.054353955835654943,14.747631781230522,14.693277825394867,47.489641462053946,15,c1b_v311_vmd,0.17647058823529413,85,0.13636363636363635,10.281535585230813,4.160377793763473,97795,38.5327962239594,75.0
110,0.21052631578947367,-18.000000000000682,1.266067525577757,29.648281338255085,28.38221381267733,52.47238641036048,20,c1c_mmhrv_adaptive_vmd,0.25,80,0.18181818181818182,8.009296846355937,9.629913182777727,97795,48.6313354492188,75.0


