evaluator_version,session,onset_ms,attention,frame_start,frame_end,model,channels,range_bin,weights,global_offset_s,ecg_hr_bpm,pred_hr_bpm,pred_raw_spectral_hr_bpm,hr_abs_error_bpm,ecg_rmssd_full_ms,radar_rmssd_full_ms,ecg_peak_count,radar_peak_count,matched_beat_count,beat_precision,beat_recall,false_beat_rate,timing_error_signed_mean_ms,timing_error_mae_ms,timing_error_rmse_ms,alignment_offset_s,match_tolerance_ms,matched_interval_count,ibi_mae_ms_matched,ibi_rmse_ms_matched,ibi_bias_ms_matched,rmssd_run_interval_count,ecg_rmssd_matched_ms,radar_rmssd_matched_ms,rmssd_abs_error_ms_matched,rmssd_usable,resp_harmonic_mislock
ECG evaluator v1,sub-97793_,1786869980565,1,24339,27171,S1,3,57,[1.0],0.3650000000000011,82.84432171211598,72.3,84.74576271186442,10.544321712115988,19.859603373528035,288.3098691428396,41,33,22,0.6666666666666666,0.5365853658536586,0.33333333333333337,-15.886363636361876,74.34090909090921,89.0985792152813,0.3650000000000011,150.0,13,74.15384615384606,94.19660291114528,-27.07692307692312,6,14.42913718834197,104.30723848324257,89.8781012949006,True,0
ECG evaluator v1,sub-97793_,1786869980565,1,24339,27171,T0,0|1|2|3,8,"[0.13935502389926788, 0.32276126892218154, 0.2819215705997838, 0.25596213657876676]",0.3650000000000011,82.84432171211598,76.7,52.96610169491526,6.144321712115982,19.859603373528035,285.0851266056591,41,36,21,0.5833333333333334,0.5121951219512195,0.41666666666666663,14.047619047620534,72.76190476190547,87.03201381429417,0.3650000000000011,150.0,13,89.23076923076938,100.4091629284903,-36.69230769230812,7,11.339459128780197,162.83938917432354,151.49993004554335,True,1
ECG evaluator v1,sub-97793_,1786869980565,1,24339,27171,T1,4|5|6|7,57,"[0.15096337699222293, 0.1611040519066643, 0.4325617195214133, 0.2553708515796994]",0.3650000000000011,82.84432171211598,75.7,69.91525423728814,7.144321712115982,19.859603373528035,255.19312179556232,41,36,12,0.3333333333333333,0.2926829268292683,0.6666666666666667,-8.958333333331366,85.125,99.06700173788039,0.3650000000000011,150.0,6,75.75000000000107,86.6989523196983,25.749999999999773,4,18.04623691151912,170.09801096230643,152.05177405078732,True,0
ECG evaluator v1,sub-97793_,1786869980565,1,24339,27171,A4,0|1|4|5,57,"[0.4136400864390289, 0.15139879784875723, 0.21041349659562303, 0.22454761911659088]",0.3650000000000011,82.84432171211598,70.1,61.4406779661017,12.74432171211599,19.859603373528035,257.1180223542388,41,33,14,0.42424242424242425,0.34146341463414637,0.5757575757575757,18.928571428573104,98.71428571428606,103.60708745751255,0.3650000000000011,150.0,6,74.8333333333329,106.72277170313714,4.166666666666572,1,,,,False,0
ECG evaluator v1,sub-97793_,1786869980565,1,24339,27171,C8-PH,0|1|2|3|4|5|6|7,57,"[0.13419564963827585, 0.0491177250412908, 0.2339884975705333, 0.13051140321524757, 0.06826363496680318, 0.07284911354093515, 0.19559866710946486, 0.11547530891744913]",0.3650000000000011,82.84432171211598,75.2,61.4406779661017,7.644321712115982,19.859603373528035,307.73365106858233,41,36,20,0.5555555555555556,0.4878048780487805,0.4444444444444444,-13.34999999999852,69.05000000000004,83.53891308845223,0.3650000000000011,150.0,11,77.5454545454545,98.34124261976798,-13.363636363636715,5,18.688231591031894,139.1042774324351,120.41604584140322,True,0
ECG evaluator v1,sub-97793_,1786870060420,2,32013,35000,S1,6,9,[1.0],0.3650000000000011,83.62369337979094,74.8,66.28724472715098,8.823693379790939,21.0619621593051,272.31809131444584,42,37,22,0.5945945945945946,0.5238095238095238,0.4054054054054054,-9.295454545453248,84.20454545454491,91.8964956300883,0.3650000000000011,150.0,12,90.95833333333287,119.2784731905408,8.625000000000185,2,,,,False,1
ECG evaluator v1,sub-97793_,1786870060420,2,32013,35000,T0,0|1|2|3,9,"[0.3595853097488739, 0.2748061784027752, 0.15479021364180573, 0.21081829820654513]",0.3650000000000011,83.62369337979094,78.2,58.252427184466015,5.423693379790933,21.0619621593051,224.57166435780013,42,39,23,0.5897435897435898,0.5476190476190477,0.41025641025641024,24.52173913043602,65.04347826086982,75.87131553979508,0.3650000000000011,150.0,16,66.49999999999977,78.56645276452252,-7.5625000000003695,14,22.588713996154382,143.87494569938167,121.28623170322729,True,1
ECG evaluator v1,sub-97793_,1786870060420,2,32013,35000,T1,4|5|6|7,9,"[0.357288808182864, 0.20123922992246282, 0.15010491323811187, 0.2913670486565613]",0.3650000000000011,83.62369337979094,72.2,58.252427184466015,11.423693379790933,21.0619621593051,263.99643491353976,42,36,24,0.6666666666666666,0.5714285714285714,0.33333333333333337,42.43750000000148,85.2708333333338,94.78577820538312,0.3650000000000011,150.0,14,68.14285714285668,74.69198656578068,-14.071428571428758,11,24.831431694529442,120.62338081814855,95.7919491236191,True,1
ECG evaluator v1,sub-97793_,1786870060420,2,32013,35000,A4,0|1|4|5,246,"[0.311626819984609, 0.21970662031108357, 0.2874758164609387, 0.18119074324336867]",0.3650000000000011,83.62369337979094,72.9,58.252427184466015,10.72369337979093,21.0619621593051,223.6195749162275,42,37,12,0.32432432432432434,0.2857142857142857,0.6756756756756757,-11.041666666665487,92.12500000000024,102.72526060646754,0.3650000000000011,150.0,4,147.1249999999999,158.25236965050465,147.1249999999999,1,,,,False,1
ECG evaluator v1,sub-97793_,1786870060420,2,32013,35000,C8-PH,0|1|2|3|4|5|6|7,9,"[0.176677590941614, 0.13502246131795925, 0.0760541693615659, 0.10358284402540117, 0.181739573581946, 0.10236293719939049, 0.07635280562856947, 0.14820761794355375]",0.3650000000000011,83.62369337979094,74.3,58.252427184466015,9.323693379790939,21.0619621593051,253.7096202917253,42,37,24,0.6486486486486487,0.5714285714285714,0.3513513513513513,38.91666666666863,74.91666666666734,85.37161413491091,0.3650000000000011,150.0,17,74.73529411764675,82.39404961382019,-19.205882352941362,14,22.588713996154382,138.5640646055103,115.97535060935593,True,1
ECG evaluator v1,sub-97793_,1786870116558,2,37787,40753,S1,1,248,[1.0],0.3650000000000011,82.2481151473612,66.5,50.57316250842886,15.748115147361204,19.5479358212522,352.6443881818184,41,33,11,0.3333333333333333,0.2682926829268293,0.6666666666666667,38.90909090909229,83.00000000000037,92.66116181600044,0.3650000000000011,150.0,2,59.250000000000455,60.939519197315775,14.24999999999875,1,,,,False,0
ECG evaluator v1,sub-97793_,1786870116558,2,37787,40753,T0,0|1|2|3,18,"[0.1589256433392445, 0.20171969840921986, 0.2205437479617386, 0.418810910289797]",0.3650000000000011,82.2481151473612,78.2,82.93998651382333,4.048115147361202,19.5479358212522,217.40484094165168,41,39,24,0.6153846153846154,0.5853658536585366,0.3846153846153846,14.625000000001183,53.41666666666678,67.3179644176304,0.3650000000000011,150.0,18,60.91666666666592,76.76433995605551,7.416666666666654,8,25.1140256771828,85.69047288267855,60.576447205495754,True,0
ECG evaluator v1,sub-97793_,1786870116558,2,37787,40753,T1,4|5|6|7,8,"[0.14649526832474974, 0.23811589297847757, 0.3138868476000569, 0.3015019910967159]",0.3650000000000011,82.2481151473612,61.1,50.57316250842886,21.148115147361203,19.5479358212522,350.42321351678254,41,30,16,0.5333333333333333,0.3902439024390244,0.4666666666666667,14.09375000000121,86.09375000000044,96.52128974998276,0.3650000000000011,150.0,7,137.5714285714282,160.60955317610623,63.42857142857182,3,15.656468311851299,190.26297590440402,174.6065075925527,True,0
ECG evaluator v1,sub-97793_,1786870116558,2,37787,40753,A4,0|1|4|5,248,"[0.1283273126484582, 0.3775783150142874, 0.18349344155152997, 0.3106009307857245]",0.3650000000000011,82.2481151473612,59.2,50.57316250842886,23.0481151473612,19.5479358212522,348.96274872828474,41,30,11,0.36666666666666664,0.2682926829268293,0.6333333333333333,-48.99999999999858,78.72727272727276,89.65210538520495,0.3650000000000011,150.0,2,50.75000000000432,55.6158700372508,22.749999999998522,2,,,,False,0
ECG evaluator v1,sub-97793_,1786870116558,2,37787,40753,C8-PH,0|1|2|3|4|5|6|7,248,"[0.056093131609768, 0.1650431983650312, 0.12312478996943131, 0.1117044620723996, 0.08020678960741025, 0.13576672439488982, 0.16706851695071012, 0.16099238703035967]",0.3650000000000011,82.2481151473612,59.2,50.57316250842886,23.0481151473612,19.5479358212522,333.0647727652128,41,30,12,0.4,0.2926829268292683,0.6,-11.16666666666503,81.66666666666696,90.67271732261435,0.3650000000000011,150.0,3,58.83333333333477,59.33309925047597,-16.500000000000608,2,,,,False,0
ECG evaluator v1,sub-97793_,1786870187007,1,44751,47719,S1,5,18,[1.0],0.3650000000000011,83.62369337979094,73.8,58.625336927223714,9.823693379790939,18.51013236041277,226.59240421306893,42,36,22,0.6111111111111112,0.5238095238095238,0.38888888888888884,17.795454545455538,76.84090909090878,90.1864860870365,0.3650000000000011,150.0,15,83.43333333333358,97.67863976666902,13.499999999999856,6,15.948354147058755,126.64912159190018,110.70076744484143,True,0
ECG evaluator v1,sub-97793_,1786870187007,1,44751,47719,T0,0|1|2|3,18,"[0.3346233822974817, 0.3152502654817052, 0.1711131054357847, 0.17901324678502836]",0.3650000000000011,83.62369337979094,70.7,58.625336927223714,12.923693379790933,18.51013236041277,260.8378109790903,42,35,20,0.5714285714285714,0.47619047619047616,0.4285714285714286,28.67500000000107,66.2750000000003,78.13729903189679,0.3650000000000011,150.0,11,88.04545454545463,108.90373146624827,-9.136363636363543,4,14.18038551427014,141.65686240583852,127.47647689156838,True,0
ECG evaluator v1,sub-97793_,1786870187007,1,44751,47719,T1,4|5|6|7,246,"[0.3178998002091051, 0.33243460239215716, 0.13220776751080746, 0.2174578298879303]",0.3650000000000011,83.62369337979094,75.5,58.625336927223714,8.123693379790936,18.51013236041277,265.65821220938324,42,37,12,0.32432432432432434,0.2857142857142857,0.6756756756756757,58.16666666666814,85.58333333333412,96.70229228582734,0.3650000000000011,150.0,4,73.87500000000026,90.40153483210366,-73.87500000000026,2,,,,False,0
ECG evaluator v1,sub-97793_,1786870187007,1,44751,47719,A4,0|1|4|5,18,"[0.23938074443366972, 0.22552172748894764, 0.24907326107314315, 0.2860242670042395]",0.3650000000000011,83.62369337979094,72.7,58.625336927223714,10.923693379790933,18.51013236041277,248.5013906932325,42,36,20,0.5555555555555556,0.47619047619047616,0.4444444444444444,18.125000000001243,59.97500000000006,75.60348867611863,0.3650000000000011,150.0,10,76.75000000000018,92.12396539446186,11.750000000000341,5,14.13550494322675,151.16216457831084,137.0266596350841,True,0
ECG evaluator v1,sub-97793_,1786870187007,1,44751,47719,C8-PH,0|1|2|3|4|5|6|7,18,"[0.15492955534448385, 0.1459598642449041, 0.07922482032415765, 0.0828825604916059, 0.16120264676073484, 0.18511769862499386, 0.09155844214546412, 0.0991244120636557]",0.3650000000000011,83.62369337979094,70.6,58.625336927223714,13.023693379790942,18.51013236041277,236.61117573954212,42,35,20,0.5714285714285714,0.47619047619047616,0.4285714285714286,14.475000000001325,62.17499999999985,77.04292634629073,0.3650000000000011,150.0,11,73.72727272727276,91.93302898404772,-7.09090909090876,4,14.18038551427014,136.01470508735557,121.83431957308542,True,0
ECG evaluator v1,sub-97793_,1786870241060,2,50000,53000,S1,3,18,[1.0],0.3650000000000011,84.7457627118644,75.6,54.0,9.145762711864407,21.048901396509983,314.4969528204261,42,38,12,0.3157894736842105,0.2857142857142857,0.6842105263157895,2.7500000000021765,84.24999999999935,91.40158641949233,0.3650000000000011,150.0,6,100.41666666666532,115.6033087761755,-83.91666666666589,4,13.194064322011418,146.51507317223968,133.32100885022825,True,0
ECG evaluator v1,sub-97793_,1786870241060,2,50000,53000,T0,0|1|2|3,18,"[0.24691737840013514, 0.23328782932012598, 0.2633835644223389, 0.25641122785739995]",0.3650000000000011,84.7457627118644,69.5,56.0,15.245762711864401,21.048901396509983,345.01207708330054,42,35,10,0.2857142857142857,0.23809523809523808,0.7142857142857143,27.25000000000204,85.35000000000093,90.86212082050544,0.3650000000000011,150.0,4,90.87500000000134,113.3465372210383,-5.625000000001052,2,,,,False,0
ECG evaluator v1,sub-97793_,1786870241060,2,50000,53000,T1,4|5|6|7,246,"[0.27733536059777514, 0.3141246652435244, 0.16837801592950077, 0.24016195822919972]",0.3650000000000011,84.7457627118644,72.8,86.0,11.945762711864404,21.048901396509983,318.85364520234594,42,36,17,0.4722222222222222,0.40476190476190477,0.5277777777777778,-27.26470588235136,78.02941176470564,89.42602924139175,0.3650000000000011,150.0,8,96.74999999999996,117.99735166519672,13.749999999999815,2,,,,False,0
ECG evaluator v1,sub-97793_,1786870241060,2,50000,53000,A4,0|1|4|5,27,"[0.04859304375520196, 0.2956258667577838, 0.33293056218300277, 0.3228505273040115]",0.3650000000000011,84.7457627118644,79.9,64.0,4.8457627118643956,21.048901396509983,206.63978319771826,42,40,19,0.475,0.4523809523809524,0.525,-34.60526315789338,75.97368421052529,86.2214865149165,0.3650000000000011,150.0,13,68.57692307692261,80.98064821063915,-18.884615384615472,5,21.831742944620537,140.0892572612193,118.25751431659876,True,1
ECG evaluator v1,sub-97793_,1786870241060,2,50000,53000,C8-PH,0|1|2|3|4|5|6|7,18,"[0.14478242344729042, 0.13679060383911484, 0.15443753291214637, 0.1503492350713757, 0.1594502777870144, 0.06567852842469132, 0.05932797018159651, 0.12918342833677052]",0.3650000000000011,84.7457627118644,75.6,56.0,9.145762711864407,21.048901396509983,297.60619019846416,42,38,11,0.2894736842105263,0.2619047619047619,0.7105263157894737,23.181818181820354,62.54545454545477,70.03830120986457,0.3650000000000011,150.0,7,67.2857142857143,99.81769095992675,-26.28571428571443,6,15.854021571829877,92.3038460737145,76.44982450188462,True,0
ECG evaluator v1,sub-97793_,1786870300135,1,55937,58904,S1,2,18,[1.0],0.3650000000000011,79.84031936127745,77.5,80.88978766430738,2.3403193612774515,23.471567346136272,241.67241372476826,40,38,20,0.5263157894736842,0.5,0.4736842105263158,26.025000000001807,75.22500000000025,85.31522431547633,0.3650000000000011,150.0,15,79.43333333333234,101.5169115632125,-29.566666666666787,10,22.353224972397747,139.28388277183993,116.93065779944217,True,0
ECG evaluator v1,sub-97793_,1786870300135,1,55937,58904,T0,0|1|2|3,18,"[0.26651746492446493, 0.21805949096544552, 0.2989399431076911, 0.21648310100239848]",0.3650000000000011,79.84031936127745,75.2,80.88978766430738,4.640319361277449,23.471567346136272,211.12623170578715,40,37,18,0.4864864864864865,0.45,0.5135135135135135,22.25000000000193,94.36111111111157,103.45845918907645,0.3650000000000011,150.0,13,110.88461538461478,134.2590062872156,-7.269230769231163,6,15.259423318067524,207.74984957876705,192.49042626069954,True,0
ECG evaluator v1,sub-97793_,1786870300135,1,55937,58904,T1,4|5|6|7,246,"[0.28715946913863877, 0.20413033292384977, 0.1783169332771712, 0.33039326466034014]",0.3650000000000011,79.84031936127745,77.4,80.88978766430738,2.440319361277446,23.471567346136272,211.88344577761282,40,39,10,0.2564102564102564,0.25,0.7435897435897436,-53.599999999998424,101.49999999999996,107.20844183178825,0.3650000000000011,150.0,5,96.60000000000014,117.15459871468997,-18.599999999999955,3,21.920310216782813,250.7987240796891,228.87841386290629,True,0
ECG evaluator v1,sub-97793_,1786870300135,1,55937,58904,A4,0|1|4|5,18,"[0.32132089110168965, 0.2628986058007713, 0.3151807021429869, 0.1005998009545522]",0.3650000000000011,79.84031936127745,73.1,80.88978766430738,6.740319361277457,23.471567346136272,285.01289960487134,40,36,19,0.5277777777777778,0.475,0.4722222222222222,21.605263157896367,92.34210526315809,99.854828837194,0.3650000000000011,150.0,11,127.27272727272681,149.0669465222069,18.909090909091102,5,21.676600286945277,206.2159062730119,184.53930598606664,True,0
ECG evaluator v1,sub-97793_,1786870300135,1,55937,58904,C8-PH,0|1|2|3|4|5|6|7,18,"[0.15672696190370475, 0.12823100183310152, 0.17579316645613943, 0.1273039976318801, 0.15373203319641568, 0.04906839738202592, 0.09799652956280773, 0.11114791203392488]",0.3650000000000011,79.84031936127745,77.2,80.88978766430738,2.6403193612774487,23.471567346136272,218.4668802765714,40,38,17,0.4473684210526316,0.425,0.5526315789473684,6.500000000001779,93.7352941176474,99.25035190336185,0.3650000000000011,150.0,12,128.29166666666637,153.14392740164382,-12.874999999999886,6,15.259423318067524,198.04039991880612,182.7809766007386,True,0
ECG evaluator v1,sub-97793_,1786870353888,1,61000,64026,S1,6,248,[1.0],0.3650000000000011,84.56659619450318,70.0,57.50165234633178,14.566596194503177,25.20119044807209,303.8290986922109,42,35,21,0.6,0.5,0.4,7.404761904763214,76.97619047619054,88.41413644779634,0.3650000000000011,150.0,12,51.66666666666699,60.73713855624117,-7.500000000000057,4,16.406299603100337,86.9865890046665,70.58028940156616,True,1
ECG evaluator v1,sub-97793_,1786870353888,1,61000,64026,T0,0|1|2|3,248,"[0.13036417095749211, 0.20204720124725656, 0.30433499960522736, 0.36325362819002394]",0.3650000000000011,84.56659619450318,70.4,49.57038995373429,14.166596194503171,25.20119044807209,271.7786532523045,42,35,12,0.34285714285714286,0.2857142857142857,0.6571428571428571,-32.41666666666446,80.83333333333302,92.4055824431975,0.3650000000000011,150.0,5,93.6000000000007,105.62528106471488,2.0000000000002958,3,6.791538853603289,139.4632568098138,132.6717179562105,True,0
ECG evaluator v1,sub-97793_,1786870353888,1,61000,64026,T1,4|5|6|7,246,"[0.20123283111005677, 0.24637988080444442, 0.2516413070879636, 0.30074598099753513]",0.3650000000000011,84.56659619450318,65.8,53.53602115003304,18.76659619450318,25.20119044807209,268.910585931098,42,33,12,0.36363636363636365,0.2857142857142857,0.6363636363636364,-9.291666666664403,77.04166666666667,89.92971792831665,0.3650000000000011,150.0,4,116.87499999999977,140.30524758539886,116.87499999999977,1,,,,False,0
ECG evaluator v1,sub-97793_,1786870353888,1,61000,64026,A4,0|1|4|5,14,"[0.1837506728369609, 0.28104543350598704, 0.3696583840373314, 0.16554550961972075]",0.3650000000000011,84.56659619450318,73.4,63.4500991407799,11.166596194503171,25.20119044807209,222.8195939063067,42,37,17,0.4594594594594595,0.40476190476190477,0.5405405405405406,24.264705882354594,82.55882352941235,91.78435404282654,0.3650000000000011,150.0,8,134.06250000000045,155.157883299561,41.06249999999956,3,49.690290802126476,212.24985276791298,162.55956196578651,True,1
ECG evaluator v1,sub-97793_,1786870353888,1,61000,64026,C8-PH,0|1|2|3|4|5|6|7,248,"[0.07463067216510194, 0.11566765873943362, 0.17422521400692295, 0.20795485630076405, 0.18567666788322004, 0.17531858902354036, 0.03359569060080671, 0.0329306512802104]",0.3650000000000011,84.56659619450318,68.3,49.57038995373429,16.26659619450318,25.20119044807209,303.2841077273915,42,34,14,0.4117647058823529,0.3333333333333333,0.5882352941176471,-37.10714285714101,92.60714285714185,102.21414844754548,0.3650000000000011,150.0,5,92.69999999999945,107.21124008237157,21.099999999999635,2,,,,False,0
ECG evaluator v1,sub-97793_,1786870410843,3,66885,69853,S1,2,18,[1.0],0.3650000000000011,84.09250175192712,74.6,60.646900269541774,9.492501751927122,20.54628920267599,223.84943919646398,42,37,27,0.7297297297297297,0.6428571428571429,0.2702702702702703,1.1296296296313473,51.98148148148104,62.48147873718409,0.3650000000000011,150.0,21,65.71428571428581,85.20493502362977,-0.9999999999999838,7,23.319341042719547,190.1315334183142,166.81219237559466,True,0
ECG evaluator v1,sub-97793_,1786870410843,3,66885,69853,T0,0|1|2|3,248,"[0.04978799547721569, 0.3237148131403442, 0.28357695915051584, 0.3429202322319243]",0.3650000000000011,84.09250175192712,82.4,88.94878706199461,1.6925017519271108,20.54628920267599,183.00203165468844,42,41,18,0.43902439024390244,0.42857142857142855,0.5609756097560976,47.75000000000082,80.02777777777838,89.92381034334998,0.3650000000000011,150.0,13,73.19230769230761,100.38531535270259,-7.038461538461495,8,17.15163465762323,201.88398365680894,184.73234899918572,True,0
ECG evaluator v1,sub-97793_,1786870410843,3,66885,69853,T1,4|5|6|7,18,"[0.24472446281258428, 0.2575201152122436, 0.2473205051329982, 0.2504349168421739]",0.3650000000000011,84.09250175192712,78.9,52.56064690026954,5.192501751927111,20.54628920267599,243.8929760853801,42,39,34,0.8717948717948718,0.8095238095238095,0.1282051282051282,-14.044117647057355,65.57352941176416,73.65494871757187,0.3650000000000011,150.0,29,58.49999999999997,73.67291412630578,4.258620689655188,13,20.5634181659243,89.25618559330657,68.69276742738226,True,1
ECG evaluator v1,sub-97793_,1786870410843,3,66885,69853,A4,0|1|4|5,18,"[0.24240782015686183, 0.27031781684868345, 0.237430052894005, 0.24984431010044963]",0.3650000000000011,84.09250175192712,78.8,52.56064690026954,5.292501751927119,20.54628920267599,282.75192068074205,42,39,33,0.8461538461538461,0.7857142857142857,0.15384615384615385,-23.87878787878632,67.18181818181743,78.94791148138515,0.3650000000000011,150.0,27,66.57407407407426,79.16608186918519,-4.49999999999984,13,20.5634181659243,94.60443964212303,74.04102147619872,True,1
ECG evaluator v1,sub-97793_,1786870410843,3,66885,69853,C8-PH,0|1|2|3|4|5|6|7,18,"[0.12929772027395955, 0.14418461188814552, 0.08948485941526026, 0.11954211143030846, 0.12664263283195684, 0.13326426391072807, 0.12798606058176942, 0.12959773966787183]",0.3650000000000011,84.09250175192712,76.7,52.56064690026954,7.392501751927114,20.54628920267599,259.8503843026256,42,38,35,0.9210526315789473,0.8333333333333334,0.07894736842105265,-23.299999999998796,71.7857142857138,82.54639388160497,0.3650000000000011,150.0,29,66.56896551724137,86.70963236473526,9.844827586206936,13,20.5634181659243,99.70790674097388,79.14448857504958,True,1
ECG evaluator v1,sub-97793_,1786870464496,3,72000,75000,S1,4,8,[1.0],0.3650000000000011,80.50989600805099,77.4,50.0,3.109896008050981,21.739707101634668,246.28043782252388,39,39,11,0.28205128205128205,0.28205128205128205,0.717948717948718,-13.590909090907816,75.13636363636361,88.93881962542355,0.3650000000000011,150.0,6,116.4166666666672,128.45021733470676,-39.08333333333409,3,30.522532660314678,234.30749027719966,203.78495761688498,True,0
ECG evaluator v1,sub-97793_,1786870464496,3,72000,75000,T0,0|1|2|3,15,"[0.5507061431014293, 0.12352755564546064, 0.19306509168743127, 0.1327012095656789]",0.3650000000000011,80.50989600805099,80.1,80.0,0.4098960080509926,21.739707101634668,219.37111070176564,39,40,7,0.175,0.1794871794871795,0.825,-47.928571428570024,98.78571428571344,110.68117016264006,0.3650000000000011,150.0,3,72.33333333333348,98.96295603237965,-39.0,2,,,,False,0
ECG evaluator v1,sub-97793_,1786870464496,3,72000,75000,T1,4|5|6|7,8,"[0.09062002756352676, 0.08288057684515641, 0.18089950891686318, 0.6455998866744536]",0.3650000000000011,80.50989600805099,67.2,52.0,13.309896008050984,21.739707101634668,291.547594742265,39,34,9,0.2647058823529412,0.23076923076923078,0.7352941176470589,12.611111111111969,98.27777777777872,103.49033771323839,0.3650000000000011,150.0,1,45.0,45.0,-45.0,1,,,,False,0
ECG evaluator v1,sub-97793_,1786870464496,3,72000,75000,A4,0|1|4|5,26,"[0.2356694244415996, 0.30209081888150113, 0.15391847430210456, 0.3083212823747948]",0.3650000000000011,80.50989600805099,69.8,66.0,10.70989600805099,21.739707101634668,265.11861267719166,39,35,8,0.22857142857142856,0.20512820512820512,0.7714285714285715,1.2500000000014722,62.1250000000006,75.9189534964757,0.3650000000000011,150.0,2,93.74999999999966,105.89912653086412,49.25000000000034,1,,,,False,0
ECG evaluator v1,sub-97793_,1786870464496,3,72000,75000,C8-PH,0|1|2|3|4|5|6|7,8,"[0.05415030003658406, 0.046045684255907576, 0.025850444363213668, 0.3777826642470033, 0.04496302127737661, 0.04112293099400801, 0.08975707343273454, 0.3203278813931721]",0.3650000000000011,80.50989600805099,64.9,52.0,15.609896008050981,21.739707101634668,347.0335114430826,39,33,12,0.36363636363636365,0.3076923076923077,0.6363636363636364,10.875000000001485,102.54166666666701,108.1546924548358,0.3650000000000011,150.0,1,54.50000000000091,54.50000000000091,54.50000000000091,1,,,,False,0
ECG evaluator v1,sub-97793_,1786870520169,1,77695,80662,S1,6,21,[1.0],0.3650000000000011,79.7872340425532,76.7,56.62285136501516,3.0872340425531917,23.651944395423616,273.9018477889885,40,38,22,0.5789473684210527,0.55,0.42105263157894735,4.88636363636492,69.79545454545442,83.58073125047197,0.3650000000000011,150.0,16,84.6562500000003,113.37568908280146,-23.906250000000128,6,21.871213958077103,174.29859437184248,152.42738041376538,True,1
ECG evaluator v1,sub-97793_,1786870520169,1,77695,80662,T0,0|1|2|3,8,"[0.09452053433175331, 0.6315370799293276, 0.1350564468638369, 0.13888593887508224]",0.3650000000000011,79.7872340425532,70.3,52.578361981799794,9.487234042553197,23.651944395423616,292.07201270587467,40,35,19,0.5428571428571428,0.475,0.4571428571428572,27.736842105263865,68.31578947368416,85.56438019348215,0.3650000000000011,150.0,9,87.94444444444514,112.61524960876551,31.94444444444471,3,28.082467840273456,171.02631376487156,142.9438459245981,True,1
ECG evaluator v1,sub-97793_,1786870520169,1,77695,80662,T1,4|5|6|7,26,"[0.2322963621095873, 0.25024734407838173, 0.3475647301168872, 0.16989156369514374]",0.3650000000000011,79.7872340425532,72.9,54.600606673407476,6.887234042553189,23.651944395423616,283.51781767849525,40,36,16,0.4444444444444444,0.4,0.5555555555555556,-11.624999999998941,61.24999999999975,79.44455613822724,0.3650000000000011,150.0,9,76.61111111111116,95.41153552433325,-65.38888888888866,3,12.494998999600451,57.00877125495568,44.513772255355235,True,1
ECG evaluator v1,sub-97793_,1786870520169,1,77695,80662,A4,0|1|4|5,8,"[0.08274748891983086, 0.5528757099541569, 0.2235353911844826, 0.1408414099415296]",0.3650000000000011,79.7872340425532,78.5,52.578361981799794,1.2872340425531945,23.651944395423616,244.93242311276776,40,39,23,0.5897435897435898,0.575,0.41025641025641024,35.239130434784144,76.32608695652252,87.46906285379889,0.3650000000000011,150.0,13,98.61538461538466,119.26441212700458,-12.538461538461696,4,22.094494035088946,205.99352740640398,183.89903337131503,True,1
ECG evaluator v1,sub-97793_,1786870520169,1,77695,80662,C8-PH,0|1|2|3|4|5|6|7,21,"[0.11179588948514319, 0.07750433312774994, 0.2059448253363088, 0.14924039457703386, 0.10913696585245011, 0.09378747442833017, 0.035337884991296704, 0.21725223220168727]",0.3650000000000011,79.7872340425532,81.0,64.7118301314459,1.2127659574468055,23.651944395423616,216.97077174005187,40,40,17,0.425,0.425,0.575,26.529411764707177,67.29411764705915,80.67017088483365,0.3650000000000011,150.0,7,70.64285714285677,85.6218847191363,-7.499999999999626,3,11.280514172679375,147.13938969562196,135.85887552294258,True,0
