branch_name,producer_commit,unique_producer_paths,canonical_successor,preservation_method,archive_tag_name,migrated_path_if_any,verification_status,delete_allowed
codex/report-cohort-label-vigilance-20260826,67851bff212fc1e73b9611ac5de670581e316cc7,scripts/run_report_cohort_label_vigilance_v1.py,results/canonical/REPORT_LABEL_VIGILANCE_VALIDITY.md,immutable archive tag required,archive/20260826/report-cohort-label-vigilance,,SHA verified tag not created,false
codex/final-report-cohort-baseline-v2,414a4f46c8d058961a87750345d06a7129afc9f2,scripts/run_final_report_cohort_baseline_v2.py,results/canonical/BEIJING_C_B_BASELINE_V2.md,immutable archive tag required,archive/20260826/final-report-cohort-baseline-v2,,SHA verified tag not created,false
codex/q1-questionnaire-criterion-validity-20260826,ba7a2c652bea82c3fa58ad5858a7460ed933fb47,scripts/run_q1_questionnaire_criterion_validity.py,results/supporting/,immutable archive tag required,archive/20260826/q1-questionnaire-criterion-validity,,SHA verified tag not created,false
codex/report-repeat-session-effects-20260826,c2de2af3ba6fd46d351c4da4fcf05e281f982cff,scripts/run_report_repeat_session_effects_v1.py,results/supporting/,immutable archive tag required,archive/20260826/report-repeat-session-effects,,SHA verified tag not created,false
codex/c1-alignment-protocol-repair-20260826,73bcca8051847e111f8bb217368f56d7a2b7f42f,supporting C1 runner/results,results/supporting/,immutable archive tag required,archive/20260826/c1-alignment-protocol-repair,,SHA verified tag not created,false
codex/c2b-v2-canonical-20260826,c889dd0d24daf58bf751d0e01780717c72a81abe,supporting C2B runner/results,results/supporting/,immutable archive tag required,archive/20260826/c2b-v2-canonical,,SHA verified tag not created,false
codex/c2c-within-subject-normalization-20260826,afcbed32c74439995a20354d694677380ab3f5f2,supporting C2C runner/results,results/supporting/,immutable archive tag required,archive/20260826/c2c-within-subject-normalization,,SHA verified tag not created,false
codex/m1-mmwave-person-effect-audit-20260826,70c8ab1bbe02012b01916e4894af2e6d74eedfe0,supporting M1 runner/results,results/supporting/,immutable archive tag required,archive/20260826/m1-mmwave-person-effect-audit,,SHA verified tag not created,false
codex/d1-beijing-zhuhai-canonical-20260826,bb5535b97b04e315d3cdb748ef1cb8e8778a7939,docs/d1 harmonization entry,docs/methods/,immutable archive tag required,archive/20260826/d1-beijing-zhuhai-canonical,,SHA verified tag not created,false
