local_path,generator_script,file_count,types,total_bytes,hash_or_manifest,analysis_date,conclusion,state
D:\Project\厚粲杯\08_算法\output\00_索引与审计\2026-08-28_output_content_audit_v1,D:\Project\厚粲杯\08_算法\scripts\maintenance\audit_output_contents_20260828.py,23,jpg:8|md:15,105933048,sample_sha256=35034D5233C3DD14...,2026-08-28,output content audit snapshot,archived
D:\Project\厚粲杯\08_算法\output\20_生理金标准验证\2026-08-27_issue15_formal_physiology_run_v1,D:\Project\厚粲杯\08_算法\scripts\legacy\2026-08-27_issue15_formal_physiology_run,10,json:4|md:5|png:1,225403,sample_sha256=A2C15ED4C52152C6667FFD52C12F62B3...,2026-08-27,formal physiology run evidence retained for traceability,archived
D:\Project\厚粲杯\08_算法\output\40_正式实验\2026-08-27_issue17_formal_path_v1,D:\Project\厚粲杯\08_算法\scripts\legacy\2026-08-27_issue17_formal_path,3,csv:1|json:1|md:1,58796,script_sha256=40560329C4FB76EF...,2026-08-27,report-ready path evidence,archived
D:\Project\厚粲杯\08_算法\output\50_多模态与报告\2026-08-27_NIR分辨率敏感性审计_v1,D:\Project\厚粲杯\08_算法\scripts\legacy\2026-08-27_NIR分辨率敏感性审计,4,csv:2|json:1|md:1,7495391,script_sha256=CA1561EC52006441...|A85E70D9EC4323CB...,2026-08-27,NIR resolution sensitivity audit retained as evidence,archived
D:\Project\厚粲杯\08_算法\output\40_正式实验\J_Data_ALERTNESS_EVENTS,D:\Project\01_管理\04_分析脚本\analyze_J_Data_alertness_events.py,81,csv:79|md:2,1406916,sample_sha256=00A18B14F3525DA13...,2026-08-24,formal task alertness event outputs are exploratory context,active
D:\Project\厚粲杯\08_算法\output\50_多模态与报告\J_Data_NIR_V1,D:\Project\01_管理\04_分析脚本\extract_J_Data_NIR_probe_features.py,202,csv:9|jpg:185|json:8,47930940,inventory_verified_by_count_and_sample_hash,2026-08-24,teacher-stage/sample NIR evidence only; not full-class completion,active
D:\Project\厚粲杯\08_算法\output\50_多模态与报告\J_Data_NIR_TEACHER_STAGE1,D:\Project\01_管理\04_分析脚本\audit_J_Data_NIR_teacher_stage1.py,5,csv:3|json:1|md:1,195969,inventory_verified_by_count_and_sample_hash,2026-08-24,teacher-stage audit evidence,active
D:\Project\厚粲杯\08_算法\output\20_生理金标准验证\06_HR_COURSE_99_CORRECTED_GATE,D:\Project\厚粲杯\08_算法\scripts\maintenance\run_hr_course_99_corrected.py,20,json:10|npz:10,20366342,inventory_verified_by_file_count_and_bytes,2026-08-29,corrected HR course gate remains exploratory and not distance-robust,active
D:\Project\厚粲杯\08_算法\output\20_生理金标准验证\07_HR_COURSE_99_CORRECTED_GATE_AUDIT,D:\Project\厚粲杯\08_算法\scripts\maintenance\build_hr_course_99_audit.py,11,csv:3|log:1|md:1|png:6,2227296,inventory_verified_by_file_count_and_bytes,2026-08-29,corrected-vs-historical audit retained with caveat,active
