n_probe,n_session,n_participant,adjusted,status,participant_variance,session_within_person_variance,within_session_probe_variance,total_variance,icc_person,session_variance_proportion,probe_variance_proportion,feature,feature_value_column,feature_family,scale
1420,71,46,False,ok,1.0108301084000317,1.453226821291898,11.877581152523117,14.341638082215047,0.07048219335931746,0.10132920751179973,0.8281885991288828,m1_phase_std_rad,m1_phase_std_rad,C2b-v2_all_sessions,absolute
1420,71,46,False,ok,1.2004715888150141,0.4491866335226765,1.6770579970341613,3.3267162193718516,0.3608578278557485,0.135024030876758,0.5041181412674935,m1_phase_velocity_mad,m1_phase_velocity_mad,C2b-v2_all_sessions,absolute
1420,71,46,False,ok,1088.223391882434,537.6672507036033,2663.141088306358,4289.031730892395,0.25372239240953653,0.12535865538857505,0.6209189522018885,m1_phase_accel_mad,m1_phase_accel_mad,C2b-v2_all_sessions,absolute
1420,71,46,False,ok,0.18212158474230006,0.061605586003530916,0.5482415745979107,0.7919687453437416,0.2299605708092092,0.07778790055255523,0.6922515286382356,m1_log_power_low,m1_log_power_low,C2b-v2_all_sessions,absolute
1420,71,46,False,ok,0.11353152577225352,0.016394959612156597,0.16817763207967784,0.29810411746408794,0.3808452118610219,0.05499742758209862,0.5641573605568796,m1_log_power_transition,m1_log_power_transition,C2b-v2_all_sessions,absolute
1420,71,46,False,ok,0.06684147505673814,0.02236996442686428,0.13515709418513194,0.22436853366873435,0.2979093100257332,0.09970187914091415,0.6023888108333527,m1_log_power_micro,m1_log_power_micro,C2b-v2_all_sessions,absolute
1420,71,46,False,ok,0.0006845975082879517,0.0009461339631331375,0.00510504548706256,0.006735776958483649,0.10163601207514857,0.14046396859110521,0.7579000193337463,m1_log_power_high,m1_log_power_high,C2b-v2_all_sessions,absolute
1420,71,46,False,ok,0.00038515309075572976,0.00016152416506659903,0.0026459825969618453,0.003192659852784174,0.12063705766207922,0.05059235011388424,0.8287705922240366,m1_micro_power_fraction,m1_micro_power_fraction,C2b-v2_all_sessions,absolute
1420,71,46,False,ok,0.0013705353795212983,0.0006573726476073064,0.020136035430358957,0.02216394345748756,0.06183626041774148,0.0296595526363892,0.9085041869458694,m1_phase_peak_micro_hz,m1_phase_peak_micro_hz,C2b-v2_all_sessions,absolute
1420,71,46,False,ok,1.1470312315566065e-25,5.1593149999917834e-26,5.492640497336802e-25,7.155603228892586e-25,0.1602983277391867,0.07210174788842014,0.7675999243723932,m1_micro_peak_share,m1_micro_peak_share,C2b-v2_all_sessions,absolute
1420,71,46,False,ok,0.0004569050756285731,0.0006413034353007786,0.0031053118669263874,0.0042035203778557385,0.10869581554440931,0.1525634177198671,0.7387407667357238,m1_micro_spectral_entropy,m1_micro_spectral_entropy,C2b-v2_all_sessions,absolute
1420,71,46,False,ok,0.1330166486342506,0.01888468926259886,2.2149029919816385,2.366804329878488,0.056200948661049514,0.007978982049423747,0.9358200692895267,m1_harmonic_overlap,m1_harmonic_overlap,C2b-v2_all_sessions,absolute
1420,71,46,False,ok,0.28633221412355564,0.11468225240741244,9.353862807906,9.754877274436968,0.02935272336781727,0.011756401355037208,0.9588908752771454,m1_harmonic_power_fraction,m1_harmonic_power_fraction,C2b-v2_all_sessions,absolute
1420,71,46,False,ok,0.01624014703459105,0.006768641357167928,0.8415859451694636,0.8645947335612226,0.01878353684586846,0.007828686775928222,0.9733877763782033,m1_phase_trend_rad_s,m1_phase_trend_rad_s,C2b-v2_all_sessions,absolute
1420,71,46,False,ok,1.7058135565341037,14.303673000347027,32.252365510870696,48.26185206775183,0.035344966748052216,0.29637637984275833,0.6682786534091893,q_target_power_snr_db,q_target_power_snr_db,C2b-v2_all_sessions,absolute
1420,71,46,False,ok,0.0013827374683877838,0.0011792558025198322,0.01565789513111963,0.01821988840202725,0.0758916541022245,0.064723546955898,0.8593847989418774,q_target_amplitude_cv,q_target_amplitude_cv,C2b-v2_all_sessions,absolute
1420,71,46,False,ok,1.1212397231816377e-06,1.0905363767950347e-06,5.20368178017415e-06,7.415457880150823e-06,0.15120303308348546,0.14706258122160007,0.7017343856949144,q_phase_jump_fraction,q_phase_jump_fraction,C2b-v2_all_sessions,absolute
1420,71,46,False,ok,8.200192304975009e-14,2.0259421307357972e-05,5.1943928874284815e-05,7.220335026364471e-05,1.1357080073199745e-09,0.2805883831343328,0.7194116157299592,q_frame_gap_fraction,q_frame_gap_fraction,C2b-v2_all_sessions,absolute
1420,71,46,False,ok,7.986807043701127e-05,0.000630680628447339,0.001124554221368318,0.0018351029202526683,0.04352239297075204,0.34367588950297295,0.612801717526275,q_frame_gap_duration_fraction,q_frame_gap_duration_fraction,C2b-v2_all_sessions,absolute
1420,71,46,False,ok,0.10277979650476587,0.1920733132271826,30.142357440076193,30.437210549808142,0.003376781073172743,0.006310476872145345,0.9903127420546819,q_frame_rate_hz,q_frame_rate_hz,C2b-v2_all_sessions,absolute
1420,71,46,False,ok,0.000383815189409078,9.548523704043332e-13,0.009548515684879019,0.009932330875242949,0.038643012826502295,9.613577944572624e-11,0.961356987077362,q_selection_margin,q_selection_margin,C2b-v2_all_sessions,absolute
1180,59,42,False,ok,0.9889854849373504,1.7397815220639146,13.593859377974132,16.322626384975397,0.06058985004078074,0.10658710681911726,0.832823043140102,m1_phase_std_rad,m1_phase_std_rad,C2C_common_cohort,absolute
1180,59,42,False,ok,1.141035455636096,0.35454835059777146,1.6416380809283913,3.1372218871622586,0.3637088789624019,0.11301347604662879,0.5232776449909694,m1_phase_velocity_mad,m1_phase_velocity_mad,C2C_common_cohort,absolute
1180,59,42,False,ok,994.463821337768,622.7460534142144,2777.0155202096134,4394.225394961596,0.22631151840276942,0.14171918767031225,0.6319692939269183,m1_phase_accel_mad,m1_phase_accel_mad,C2C_common_cohort,absolute
1180,59,42,False,ok,0.1602529451691359,0.06153615902179103,0.5702604123458508,0.7920495165367777,0.20232692757624426,0.07769231309029362,0.7199807593334622,m1_log_power_low,m1_log_power_low,C2C_common_cohort,absolute
1180,59,42,False,ok,0.10342653992688605,0.007903241552555694,0.1701543342146011,0.28148411569404286,0.3674329532658418,0.02807704275983397,0.6044900039743242,m1_log_power_transition,m1_log_power_transition,C2C_common_cohort,absolute
1180,59,42,False,ok,0.06897061961593301,0.01590930028770631,0.13814435736328398,0.2230242772669233,0.30925162256388145,0.07133438781942784,0.6194139896166907,m1_log_power_micro,m1_log_power_micro,C2C_common_cohort,absolute
1180,59,42,False,ok,0.0006801645628852973,0.0011728525305956937,0.005615299576522355,0.007468316670003345,0.09107334262045863,0.1570437599822837,0.7518828973972578,m1_log_power_high,m1_log_power_high,C2C_common_cohort,absolute
1180,59,42,False,ok,0.0004086939267073966,0.00018409750564688342,0.0027408001893870202,0.0033335916217413003,0.12259867826699045,0.05522497250299668,0.8221763492300128,m1_micro_power_fraction,m1_micro_power_fraction,C2C_common_cohort,absolute
1180,59,42,False,ok,0.0014093890288105185,0.0006130939929488119,0.020790457651747234,0.022812940673506563,0.06178024345836701,0.026874833969161138,0.9113449225724719,m1_phase_peak_micro_hz,m1_phase_peak_micro_hz,C2C_common_cohort,absolute
1180,59,42,False,ok,1.2602103241310676e-25,4.825834407016091e-26,6.0550291920391025e-25,7.797822956871779e-25,0.16161053297837644,0.06188694503205356,0.77650252198957,m1_micro_peak_share,m1_micro_peak_share,C2C_common_cohort,absolute
1180,59,42,False,ok,0.0005186039175081906,0.00042485698714219816,0.003062359843227665,0.004005820747878054,0.12946258710724967,0.10605990978683995,0.7644775031059103,m1_micro_spectral_entropy,m1_micro_spectral_entropy,C2C_common_cohort,absolute
1180,59,42,False,ok,0.05378824010659561,0.16768860982109415,2.1885141543999245,2.409991004327614,0.022318855136806825,0.06958059574495348,0.9081005491182398,m1_harmonic_overlap,m1_harmonic_overlap,C2C_common_cohort,absolute
1180,59,42,False,ok,0.05347793150353807,0.2969471939230954,9.325147409687194,9.675572535113828,0.0055271077044237085,0.030690400267833037,0.9637824920277432,m1_harmonic_power_fraction,m1_harmonic_power_fraction,C2C_common_cohort,absolute
1180,59,42,False,ok,0.015572971110099683,0.02360912229322802,0.8606615865555919,0.8998436799589196,0.017306307147493254,0.026236915165427227,0.9564567776870796,m1_phase_trend_rad_s,m1_phase_trend_rad_s,C2C_common_cohort,absolute
1180,59,42,False,ok,2.375360988098855,15.960599240836421,32.968315871403036,51.30427610033831,0.04629947381877572,0.31109686080788834,0.6426036653733359,q_target_power_snr_db,q_target_power_snr_db,C2C_common_cohort,absolute
1180,59,42,False,ok,0.0010430679004197316,0.0012159596139686246,0.01569285062204191,0.017951878136430264,0.058103552870214945,0.06773439551714885,0.8741620516126363,q_target_amplitude_cv,q_target_amplitude_cv,C2C_common_cohort,absolute
1180,59,42,False,ok,1.1113100091572583e-06,1.3779846908455783e-06,5.694376405195841e-06,8.183671105198678e-06,0.1357960253866139,0.1683822178496657,0.6958217567637203,q_phase_jump_fraction,q_phase_jump_fraction,C2C_common_cohort,absolute
1180,59,42,False,ok,3.2588094265392603e-12,1.924298259446284e-05,5.014117640219241e-05,6.938416225546468e-05,4.696762662552141e-08,0.2773396978349662,0.7226602551974072,q_frame_gap_fraction,q_frame_gap_fraction,C2C_common_cohort,absolute
1180,59,42,False,ok,4.937025765143754e-05,0.0006288725881932062,0.0010696659371839472,0.001747908783028591,0.028245328435213875,0.35978570180508074,0.6119689697597054,q_frame_gap_duration_fraction,q_frame_gap_duration_fraction,C2C_common_cohort,absolute
1180,59,42,False,ok,0.07231594329492905,0.33840224488126797,29.315197492014292,29.72591568019049,0.0024327574656723117,0.011384081436615965,0.9861831610977118,q_frame_rate_hz,q_frame_rate_hz,C2C_common_cohort,absolute
1180,59,42,False,ok,0.00036079135377440225,9.815379154505287e-13,0.009807206837927901,0.010167998192683842,0.035483026937790145,9.653207021189014e-11,0.9645169729656777,q_selection_margin,q_selection_margin,C2C_common_cohort,absolute
1180,59,42,False,ok,0.4506934258723833,1.655572473413025,4.01280643114927,6.119072330434679,0.07365388110069415,0.27055938939937624,0.6557867294999296,m1_phase_std_rad,within_z__m1_phase_std_rad,C2C_common_cohort,within
1180,59,42,False,ok,70.2535449710961,3.2256981825253015,24.746298628060206,98.22554178168161,0.7152268513544398,0.03283970873578701,0.25193343990977324,m1_phase_velocity_mad,within_z__m1_phase_velocity_mad,C2C_common_cohort,within
1180,59,42,False,ok,0.929838643360567,2.179853002929984,5.3133335951767995,8.42302524146735,0.11039247974503072,0.2587969215856509,0.6308105986693184,m1_phase_accel_mad,within_z__m1_phase_accel_mad,C2C_common_cohort,within
1180,59,42,False,ok,0.6899639868179234,1.4185128609078623,5.005104989382925,7.113581837108711,0.096992486010164,0.1994090872066795,0.7035984267831564,m1_log_power_low,within_z__m1_log_power_low,C2C_common_cohort,within
1180,59,42,False,ok,0.0007579084975900194,1.2837438231376075,5.384358903377204,6.668860635012401,0.00011364887333390946,0.1924982232193881,0.807388127907278,m1_log_power_transition,within_z__m1_log_power_transition,C2C_common_cohort,within
1180,59,42,False,ok,0.7504390359229299,1.9535907658687275,6.876939721082726,9.580969522874383,0.07832600178210262,0.2039032439467182,0.7177707542711792,m1_log_power_micro,within_z__m1_log_power_micro,C2C_common_cohort,within
1180,59,42,False,ok,2.120555685807085,1.252926040132117,6.059802124273858,9.43328385021306,0.22479506813093406,0.1328197115688211,0.6423852203002448,m1_log_power_high,within_z__m1_log_power_high,C2C_common_cohort,within
1180,59,42,False,ok,0.672563974564505,2.564051875357749,15.312072373895221,18.548688223817475,0.036259382143309635,0.13823359605912044,0.82550702179757,m1_micro_power_fraction,within_z__m1_micro_power_fraction,C2C_common_cohort,within
1180,59,42,False,ok,1150.9393923159994,665.5290626433055,3142.5608033278645,4959.02925828717,0.23208965552938268,0.13420551240570353,0.6337048320649137,m1_phase_peak_micro_hz,within_z__m1_phase_peak_micro_hz,C2C_common_cohort,within
1180,59,42,False,ok,8.660812678795788e-09,7.224992980245032,25.98904846787329,33.214041456779135,2.607575681527933e-10,0.2175282700735709,0.7824717296656715,m1_micro_peak_share,within_z__m1_micro_peak_share,C2C_common_cohort,within
1180,59,42,False,ok,1.0338922906692417e-05,8.055569601557028,16.33821274385957,24.39379268433951,4.2383417127791976e-07,0.3302303051353141,0.6697692710305145,m1_micro_spectral_entropy,within_z__m1_micro_spectral_entropy,C2C_common_cohort,within
1180,59,42,False,ok,5.259712468175498e-07,0.870231328772156,2.1297289292025563,2.999960783945959,1.753260408043469e-07,0.2900809015334889,0.7099189231404703,m1_harmonic_overlap,within_z__m1_harmonic_overlap,C2C_common_cohort,within
1180,59,42,False,ok,1.04856293947974,0.5146182909809727,4.819207625521094,6.382388855981807,0.16429004298241537,0.08063098356952252,0.7550789734480621,m1_harmonic_power_fraction,within_z__m1_harmonic_power_fraction,C2C_common_cohort,within
1180,59,42,False,ok,0.4580315988529948,1.026871627652566,5.244159168480176,6.729062394985737,0.06806767005077914,0.1526024826902712,0.7793298472589496,m1_phase_trend_rad_s,within_z__m1_phase_trend_rad_s,C2C_common_cohort,within
1180,59,42,False,ok,0.004444703513510254,37.05265710577919,37.05704096498246,74.11414277427517,5.9971057441050227e-05,0.49994043941961475,0.4999995895229442,q_target_power_snr_db,within_z__q_target_power_snr_db,C2C_common_cohort,within
1180,59,42,False,ok,0.22971932410630347,4.611366661500771,9.799064778339824,14.640150763946899,0.01569104907526051,0.3149808178790622,0.6693281330456773,q_target_amplitude_cv,within_z__q_target_amplitude_cv,C2C_common_cohort,within
1180,59,42,False,ok,2.6653159688395857e-07,1.7966691159317411e-07,662.9831299933437,662.9831304395423,4.0201867083292806e-10,2.709977122254365e-10,0.9999999993269836,q_phase_jump_fraction,within_z__q_phase_jump_fraction,C2C_common_cohort,within
1180,59,42,False,ok,472.8020222918325,20992086.301285937,21884460.25646895,42877019.35977718,1.1026933059982402e-05,0.4895882832979421,0.5104006897689979,q_frame_gap_fraction,within_z__q_frame_gap_fraction,C2C_common_cohort,within
1180,59,42,False,ok,0.00011760061761500453,382.81487396614693,151.2156207347867,534.0306123015513,2.2021325164895032e-07,0.716840692551877,0.2831590872348713,q_frame_gap_duration_fraction,within_z__q_frame_gap_duration_fraction,C2C_common_cohort,within
1180,59,42,False,ok,73011.08418584183,30215.751037207556,269766.80428595294,372993.6395090023,0.19574350994818956,0.08100875681682579,0.7232477332349846,q_frame_rate_hz,within_z__q_frame_rate_hz,C2C_common_cohort,within
1180,59,42,False,ok,2.2837400511601844,1.2929279136344258,10.508140624719177,14.084808589513788,0.16214207219404037,0.09179591653073775,0.7460620112752219,q_selection_margin,within_z__q_selection_margin,C2C_common_cohort,within
